# Jernell, L. S., "Aerodynamic Characteristics of Bodies of Revolution at Mach Numbers
# from 1.50 to 2.86 and Angles of Attack to 180 deg", NASA TM X-1658, 1968.
# Langley Unitary Plan wind tunnel, Re = 1.0e6 per ft, d = 1.50 in, boundary layer tripped.
# Body: circular cylinder FLAT AT BOTH ENDS, l/d = 6 (the report's l/d 8 body agrees in
# C_A and scales in C_N with planform area). Tested only to about 100 deg.
# Digitised for Thrusty (2026-09-30) from a 150 dpi scan of Figs. 3 and 9:
#   C_N, C_A on cross-section area pi d^2/4; reading precision C_N +-0.4, C_A +-0.03.
#   xcp_over_l = centre of pressure from the LEADING face as a fraction of length:
#   Fig. 9 faired curves at M 1.50 and 2.86 (alpha 5 entries read at 5.5 deg);
#   at M 1.90 and 2.36 computed as 0.5 - (C_m/C_N)(d/l) from Fig. 3 (+-0.1 below
#   15 deg, +-0.01 above 30 deg). Blank = not defined (C_N too small) or not read.
# The report states no accuracy and attributes its discontinuities to sting interference.
mach,alpha_deg,CN,CA,xcp_over_l
1.50,0,0.0,1.62,
1.50,5,0.3,1.63,0.11
1.50,10,0.8,1.68,0.18
1.50,15,1.8,1.71,0.365
1.50,20,2.7,1.70,0.42
1.50,30,4.4,1.62,0.44
1.50,45,7.0,1.31,0.455
1.50,60,8.3,0.93,0.47
1.50,75,10.2,0.52,0.48
1.50,90,10.1,0.08,0.50
1.90,0,0.0,1.66,
1.90,5,0.1,1.70,
1.90,10,0.7,1.70,0.26
1.90,15,1.5,1.71,0.38
1.90,20,2.3,1.71,0.39
1.90,30,3.9,1.65,0.44
1.90,45,6.1,1.32,0.456
1.90,60,8.6,0.95,0.471
1.90,75,10.1,0.49,0.480
1.90,90,10.4,0.11,0.505
2.36,0,0.0,1.68,
2.36,5,0.3,1.72,
2.36,10,0.7,1.72,0.36
2.36,15,1.2,1.72,0.40
2.36,20,2.2,1.69,0.44
2.36,30,3.8,1.61,0.45
2.36,45,6.2,1.37,0.473
2.36,60,8.4,0.88,0.480
2.36,75,9.7,0.39,0.486
2.36,90,10.0,0.09,0.493
2.86,0,0.0,1.66,
2.86,5,0.2,1.67,0.24
2.86,10,0.8,1.73,0.38
2.86,15,1.6,1.72,0.45
2.86,20,1.9,1.70,0.48
2.86,30,3.2,1.60,0.49
2.86,45,6.2,1.39,0.49
2.86,60,7.8,0.79,0.50
2.86,75,9.1,0.37,0.50
2.86,90,9.7,0.04,0.50
